key,dirigente,rol,plataforma,comentario,post_contexto,llm_polaridad
2029600339595563360,Gabriela Jiménez Godoy,oficialismo,TWITTER,"Para ahorrar más dinero, mejor desaparezcan a INE, en su totalidad, y cada 6 años q el dictador en turno nombre un sucesor, QUITENSE LAS MASCARAS SEÑORES!","¡Recibimos en la Cámara de Diputados la iniciativa de Reforma Electoral enviada por nuestra Presidenta @Claudiashein! Como cámara de origen, iniciaremos de inmediato su discusión para consolidar una d",0
783897628136643,Gabriela Jiménez Godoy,oficialismo,FACEBOOK,"DIP. Federal Gaby Jiménez., TU GRAN APOYO A LOS NIÑOS  Y NIÑAS ES  FUNDAMENTAL PARA QUE LOGREN LO QUE DESEN SER DEJAS UNA EXPERIENCIA  INOLVIDABLE Y QUE PUEDEN LOGRARLO👍🏼👏👏👏👏🎉🎉🌹",¡Qué día tan especial vivimos en la @Mx_Diputados! 🏛️ Recibimos con los brazos abiertos a las niñas y niños de #Azcapotzalco. Ver su asombro al recorrer el Museo Legislativo y el Pleno nos recuerda qu,0
18008981696719717,Laura Ballesteros Mancilla,oposicion,INSTAGRAM,Las cosas como son si quieren que no haya tantos trabajadores y niños en las escuelas a mi me suena más a que escondan a la clase trabajadora para no incomodar con tráfico a los 3 turistas adinerados que vienen a la ciudad🫩🫩🫩,"🚨Amparos frente a la cancelación de la SEP del ciclo escolar en junio.  No pueden con el Mundial.  Si el Gobierno Federal decide seguir adelante con este atropello a los derechos de las y los niños, y",-1
1543587560619213,Saymi Adriana Pineda Velasco,oficialismo,FACEBOOK,Gracias licenciada saymi y huigal mente para usted,"Hoy reconozco y abrazo con admiración a todas las madres oaxaqueñas, mujeres fuertes y trabajadoras que son el corazón de nuestras familias. 💐  Gracias por enseñarnos a luchar y nunca rendirnos. ¡Feli",1
UzpfSTEwMDA0NDQ1NjU1ODU2NToxNTk1MDI3MjgxOTg5MTQyOjE1OTUwMjcyODE5ODkxNDI=:c:3a268b91d3a365ed,Saymi Adriana Pineda Velasco,oficialismo,FACEBOOK,Muchas felicidades fersita que te la pases,"Muchas felicidades Luis Fernando Díaz Pérez por motivo de su cumpleaños, te deseamos salud, éxito y muchos logros más en este nuevo año de vida.  ¡Que tengas un excelente día!",0
7546682371572220688,Alejandro Piña Medina,oposicion,TIKTOK,si dan recursos los impuestos federación,La actividad de los diputados está en legislar!!  En Movimiento Ciuda...,0
3890531212158005707_7696494864__c__17885339331542467,Laura Ballesteros Mancilla,oposicion,INSTAGRAM,Amiga bien 👍🧡🍊🍊🍊🍊🍊🍊🍊,"No fue un accidente. Fue encubrimiento.  Más de 900 km contaminados en el Golfo, ecosistemas dañados y miles de pescadores afectados… mientras Morena mentía: que si “gotitas”, que si “barco fantasma”.",1
18066464084348213,Laura Ballesteros Mancilla,oposicion,INSTAGRAM,Estoy deacuerdo en tu comentario pero al gobierno le vale madres lo que pase con las mamá cuidadoras o trabajadoras pero por favor esto que le sirva para que en la siguientes elecciones voten por otro partido que no sea morena por favor,"🚨Amparos frente a la cancelación de la SEP del ciclo escolar en junio.  No pueden con el Mundial.  Si el Gobierno Federal decide seguir adelante con este atropello a los derechos de las y los niños, y",-1
1313321057395384,Saymi Adriana Pineda Velasco,oficialismo,FACEBOOK,Muchas felicidades Dios te bendiga grandemente,"Hoy reconozco y abrazo con admiración a todas las madres oaxaqueñas, mujeres fuertes y trabajadoras que son el corazón de nuestras familias. 💐  Gracias por enseñarnos a luchar y nunca rendirnos. ¡Feli",1
3902359993071044515_7200518291__c__18125464231528611,Gabriela Jiménez Godoy,oficialismo,INSTAGRAM,Haciéndote pendeja,"Hoy recorrimos Santo Tomás, platicando con vecinas y vecinos, escuchando sus preocupaciones, sus ideas y también sus palabras de cariño. ❤️  No hay nada que motive más que sentir el respaldo y la conf",-1
UzpfSTEwMDA4MzA3MTI4NTMyMTo3MjcwNjgzNjM0MDU1MzM6NzI3MDY4MzYzNDA1NTMz:c:1e729c6d3ebc0e1c,Pepe Monroy,?,FACEBOOK,Pura gente extraña que después se va por que no poner a gente de este estado,"🗣️ ""Felicito con admiración a mi amigo, el Diputado Federal y Vicecoordinador de los Diputados de Morena, Alfonso Ramírez Cuéllar, por su Primer Informe de Resultados. Su compromiso, visión social y t",-1
1889135455095292,Saymi Adriana Pineda Velasco,oficialismo,FACEBOOK,El trabajo coordinado una buena oportunidad de desarrollo,"#Oaxaca continúa creciendo con unidad y visión de futuro.   En un encuentro encabezado por el Gobernador del Estado, Ing. Salomón Jara Cruz, dialogamos con el sector empresarial para fortalecer las co",1
pfbid0K4DkDxvt7qYmKqVJwyHFxgzFYK4vknyLkbNpLAP4tX5yxVwgBYaxfdGXWKRnkww4l:c:6332fbef1ff16ee3,Pepe Monroy,?,FACEBOOK,"Feliz cumpleaños para tu pequeño, Pepe. Que siga creciendo lleno de amor, alegría y mucha luz. Sin duda, los hijos son el motor más hermoso de la vida.",,0
2043520741455376491,Gabriela Jiménez Godoy,oficialismo,TWITTER,"@GabyJimenezMX Tu nada más vas de relleno no aportas nada de valor , ni a titina Claudia ni a la secta morenista",Hoy fui testigo de un momento histórico en Huamantla.  La inauguración del primer Polo de Desarrollo Económico de 15 en el país marca el inicio de una nueva etapa: Más de 500 millones de dólares de in,0
3892639779669796457_7696494864__c__18092128289242876,Laura Ballesteros Mancilla,oposicion,INSTAGRAM,"🔥🔥🔥 90% lealtad, 10% capacidad...🔥🔥🔥🔥Mientras, despidiendo a gente preparada y perjudicando  a verdaderos especialistas competentes que dieron 30 años de servicio, o más, a la empresa, y ponerlos ante la sociedad como si hubiesen cometido un delito por cumplir las bases para su jubilación...🔥🔥🔥REFORMA A LAS PENSIONES. ""No se trata de defender pensiones.Se trata de defender el Estado de Derecho y l","🚨Amparos frente a la cancelación de la SEP del ciclo escolar en junio.  No pueden con el Mundial.  Si el Gobierno Federal decide seguir adelante con este atropello a los derechos de las y los niños, y",-1
2042496158908436779,Gabriela Jiménez Godoy,oficialismo,TWITTER,"@GabyJimenezMX @DiputadosMorena @PartidoMorenaMx No tienes vergüenza, ni los Congresos Locales, al igual que ustedes SON UNOS HDLCH LEVANTADEDOS, NTM al aprobar algo que ni siquiera leyeron, no cabe duda que son unos parásitos con fuero, SON PIOR QUE EL PRI DE LOS 70'S Y 80'S, SUS ANCESTROS, tanto ""q luchaban por la democracia""","¡Día histórico para México! 🗳️🇲🇽 Con el respaldo de 17 Congresos Estatales, alcanzamos la mayoría necesaria para la declaratoria de constitucionalidad del Plan B de la Reforma Electoral.  La voluntad ",0
2047486297191661794,Laura Ballesteros Mancilla,oposicion,TWITTER,@LBallesterosM @SEDEMA_CDMX Puedes informar sobre la situación de este ejemplar?  @BJAlcaldia,"Otro más. Debemos organizarnos, vecinos. Esto debe parar.  [QT] Esta es la poda que hace la Alcaldía BJ o dieron el permiso para tirar un árbol sano en Martín Mendalde y Pilares? @ColoniasdeBJ @BJAlca",0
17862355581583256,Laura Ballesteros Mancilla,oposicion,INSTAGRAM,Ahi habla la esquirola que aprobo el plan b de la lagartija,"El PAN trajo a Isabel Ayuso para una visita sin pena ni gloria, pero terminó exhibiendo algo peor: una política que recorta apoyos sociales, que quita recursos a la educación y a la salud, protege pri",-1
17886503178523813,Laura Ballesteros Mancilla,oposicion,INSTAGRAM,Las respuestas idiotas de kkitas,"La popularidad no puede ser escudo para la impunidad.  Decir que alguien no debe rendir cuentas “porque es querido” o es familiar de alguna víctima, es exactamente el problema. En democracia, la ley e",-1
2042445211926749445,Laura Ballesteros Mancilla,oposicion,TWITTER,"@LBallesterosM #NoSoyBot  tampoco priista o panista, solo una ciudadana HARTA de traidores a #Mexico  Ustedes no son #BancadaNaranja son VERDES, actúan igual y sobre todo son PALEEEEEEROS.","Que Alejandro Moreno y sus huestes ataquen, habla de que estamos en el camino correcto, el de la política digna y honesta, el del alto a los privilegios de quienes tanto le han fallado y robado a nues",0
UzpfSTEwMDA0NDQ1NjU1ODU2NToxNTcyNjM2MjAwODk0OTE3OjE1NzI2MzYyMDA4OTQ5MTc=:c:f92a79ba2ee34b32,Saymi Adriana Pineda Velasco,oficialismo,FACEBOOK,Siempre fortaleciendo a Oaxaca en los fotos internacionales,"Oaxaca y México presentes en el Seatrade Cruise Global 2026 Encabezado por la subsecretaria de Turismo del Gobierno de México, Dra. Nathalie Desplas Puel, participé en el corte de listón del stand de ",1
3902241403233192301_7200518291__c__18114467374845822,Gabriela Jiménez Godoy,oficialismo,INSTAGRAM,Amiga eres la mejor,🏥❤️ La salud de nuestras vecinas y vecinos es primero.  Hoy llevamos una mega jornada de salud a San Pedro Xalpa para seguir apoyando a las familias afectadas por el desbordamiento del río. Me dio muc,1
3799412958217238771_45120302231__c__18090392239977705,Alejandro Piña Medina,oposicion,INSTAGRAM,👏👏👏👏 pobres.  Peluditos. 😢,La diversión no debe causar daño a los demás. Truena con el plan de siempre. Celebra con responsabilidad y empatía.,1
7629569957039162132,Saymi Adriana Pineda Velasco,oficialismo,TIKTOK,pero éso no le corresponde a la secretaria de transporte y no a turismo,"De no tener vuelos, hoy el Istmo está conectado gracias a @Mexicana V...",-1
7639099694823768839,Laura Ballesteros Mancilla,oposicion,TIKTOK,"es un horror que los de Morena digan que rodo es hermoso, los de la oposición tienen otros datos, el pais esta mal tenemos crisis y como es posible que los políticos no tengan el nivel para sacar adelante al pais.",Es “Narco Washing” lo que el Gobierno de México está haciendo al enredar y aplazar el proceso de justicia de Rocha Moya y secuaces.  Si la gente del pueblo contara con la protección jurídica y de segu,-1
2043853731691659311,Gabriela Jiménez Godoy,oficialismo,TWITTER,@GabyJimenezMX @Claudiashein @DiputadosMorena https://t.co/I3jve4umEN,"Ayer acudí a la inauguración del primer Polo de Desarrollo Económico para el Bienestar en Huamantla, Tlaxcala, encabezado por nuestra presidenta @Claudiashein.   Este proyecto estratégico demuestra qu",0
18108794149749913,Laura Ballesteros Mancilla,oposicion,INSTAGRAM,"No digas tonterías, agitadora. Mejor sean una verdadera oposición, y no anden de agachones, como muy claramente dijiste en entrevista (tú misma): nunca hemos sido oposición de morena. Vergüenza debería darte","El PAN trajo a Isabel Ayuso para una visita sin pena ni gloria, pero terminó exhibiendo algo peor: una política que recorta apoyos sociales, que quita recursos a la educación y a la salud, protege pri",-1
18121533418573765,Pepe Monroy,?,INSTAGRAM,Felicidades hermano te mando un abrazo,"❤️✨ Feliz San Valentín. a todos!!!  Gracias por ser mujer admirable, compañera incondicional, madre extraordinaria y mi compañera de vida. Caminar contigo hace que todo tenga más sentido. Hoy celebren",1
3902304600324548170_7696494864__c__18005704637863542,Laura Ballesteros Mancilla,oposicion,INSTAGRAM,Vieja naca.,"Pintura no es infraestructura.  Morena cree que maquillar la ciudad de morado resuelve el abandono, pero la CDMX sigue atrapada entre baches, inseguridad, tráfico y transporte colapsado.  El Mundial n",-1
Y29tbWVudDoxNDA5NzgxOTI3ODI5MjcyXzI3Njc3OTE0MTM2MTk5MzA=,Gabriela Jiménez Godoy,oficialismo,FACEBOOK,Con todo,“Que tus sueños pesen más que tus excusas” #SueñaEnGrande #CreeEnTi #PersigueTusSueños #ConstruyeTuCamino #Determinación,0
UzpfSTEwMDA0NDQ1NjU1ODU2NToxNTk1MDg3MzE4NjQ5ODA1OjE1OTUwODczMTg2NDk4MDU=:c:f965159c0eac5e62,Saymi Adriana Pineda Velasco,oficialismo,FACEBOOK,"El corazón cultural de México,  NO HAY MAS !!!","Oaxaca te espera con cultura, tradición, naturaleza y experiencias únicas en cada una de sus ocho regiones.  Ven, descubre y vive un destino lleno de historia y riqueza ancestral. Recuerda disfrutar O",1
UzpfSTEwMDA0NDQ1NjU1ODU2NToxNTkyNTQ3MzY4OTAzODAwOjE1OTI1NDczNjg5MDM4MDA=:c:5c3e997b838526f2,Saymi Adriana Pineda Velasco,oficialismo,FACEBOOK,"Gracias, gracias amiga secretaria, le mando un fuerte abrazo y que el Creador del Universo siga derramando bendiciones en su persona y familia.","Felicito con aprecio a mi amigo Marco Palacios, Presidente Municipal de Santa Catarina Juquila, con motivo de su cumpleaños.  Reconozco su compromiso y trabajo en favor de su municipio y del bienestar",0
2046999501668307184,Laura Ballesteros Mancilla,oposicion,TWITTER,@LBallesterosM Y se les reconoce ampliamente por votar aliado a morena en temas cruciales   Nefastos que son !!!,"En la Bancada Naranja de Movimiento Ciudadano estamos orgullosas de ser reconocidas entre las y los legisladores más productivos. 🧡💪  Aquí no venimos a calentar la curul: venimos a trabajar, a present",0
pfbid02YkjDKD3SVF3CCnxFzc3vkPfVeNP7uscMbnJo3WSqYrwkPH6iVjQAY7AQbU4ELv6Sl:c:b3a56bcf5b1a6867,Felipe de Jesús Martínez Gómez,oficialismo,FACEBOOK,Saludos amigo,"Mismas sinceras felicitaciones Lic. FELIPE MARTÍNEZ por todo el TRABAJO que ha realizado los que lo conocemos podemos hablar de su trabajo, Y la ayuda que ha dado a muchas personas.",0
7628460078748484370,Saymi Adriana Pineda Velasco,oficialismo,TIKTOK,Ya están promocionando a su candidata a la gubernatura,"Oaxaca se viste de alegría por su cultura y paisajes llenos vida, por...",-1
1313808967371297,Alejandro Piña Medina,oposicion,FACEBOOK,"Hermosa Familia, Dios los Acompaña y los llena de Bendiciones","Su sonrisa es mi motor!  En sus ojos veo el futuro que quiero defender todos los días. Por sus sueños, por lo que me enseñan cada día, no hay espacio para rendirse. Todo lo que hago, empieza y termina",0
UgyBM20CPfI20T3iTyx4AaABAg,Laura Ballesteros Mancilla,oposicion,YOUTUBE,Horrible  Laura Ballesteros.,Un Grito histórico: la primera presidenta de México y el futuro de nuestra democracia,-1
2042357805030543796,Laura Ballesteros Mancilla,oposicion,TWITTER,"@LBallesterosM @Claudio19523149 No, Laura, no generalices. Yo no concuerdo ni he votado por el PRI, soy una ciudadana que no ha militado en ningún partido. Muchos ciudadanos estamos muy molestos de su justificación para debilitar el federalismo y afectar más a los municipios, mayor número de mexicanos afectados","Que Alejandro Moreno y sus huestes ataquen, habla de que estamos en el camino correcto, el de la política digna y honesta, el del alto a los privilegios de quienes tanto le han fallado y robado a nues",0
7626909125671011092,Felipe de Jesús Martínez Gómez,oficialismo,TIKTOK,se supone que si estás en una sesión de cabildo tendrías que estar atento y al cien y solucionando los temas que ahí se tocan pero la disque presidenta municipal nunca pone atención que falta de ética 😡,todos tenemos derecho al agua #nicolasromeroedodemex #felipeycontenis #agua #edomex🇲🇽 ,-1
UzpfSTEwMDA0NDQ1NjU1ODU2NToxNTY4ODA2MzI3OTQ0NTcxOjE1Njg4MDYzMjc5NDQ1NzE=:c:b77e9b8bed5898c3,Saymi Adriana Pineda Velasco,oficialismo,FACEBOOK,Excelente gestión Jefa Saymi Pineda Velasco vamos con todo …,Del archivo,1
2042408817443684707,Gabriela Jiménez Godoy,oficialismo,TWITTER,Corrupta de mierda!,"¡Día histórico para México! 🗳️🇲🇽 Con el respaldo de 17 Congresos Estatales, alcanzamos la mayoría necesaria para la declaratoria de constitucionalidad del Plan B de la Reforma Electoral.  La voluntad ",0
UzpfSTEwMDA0NDQ1NjU1ODU2NToxNTkyNzQ4NDg4ODgzNjg4OjE1OTI3NDg0ODg4ODM2ODg=:c:516d6fd0548c8526,Saymi Adriana Pineda Velasco,oficialismo,FACEBOOK,#LaSumaQueMultiplica,Más de +1.000 cursos GRATIS con Domestika Plus,1
3892639779669796457_7696494864__c__17976536267858478,Laura Ballesteros Mancilla,oposicion,INSTAGRAM,Pero ya es un hecho. Ya lo hicieron oficial,"🚨Amparos frente a la cancelación de la SEP del ciclo escolar en junio.  No pueden con el Mundial.  Si el Gobierno Federal decide seguir adelante con este atropello a los derechos de las y los niños, y",0
17972069259019442,Gabriela Jiménez Godoy,oficialismo,INSTAGRAM,"Hola, te mande md ✌️❤️","🎈✨ Donde hay una infancia feliz, hay futuro. ✨🎈  Hoy en la colonia Tierra Nueva, en Azcapotzalco, vivimos un día lleno de alegría celebrando a nuestras niñas y niños. Sus sonrisas, su energía y su ilu",0
3882566993597935421_7696494864__c__18097052375111694,Laura Ballesteros Mancilla,oposicion,INSTAGRAM,Así se hace !!!👏👏👏👏,"Diputadas y diputados, pónganse a trabajar. Mientras el PRIAN y Morena pelean sobre quién lo hizo peor en feminicidios con sus gobiernos, la gente exige justicia. El feminicidio de Edith Guadalupe nos",1
18370730938202940,Laura Ballesteros Mancilla,oposicion,INSTAGRAM,Es un distractor del asunto de Trump. Aunque Si hay razón para la queja.,"🚨Amparos frente a la cancelación de la SEP del ciclo escolar en junio.  No pueden con el Mundial.  Si el Gobierno Federal decide seguir adelante con este atropello a los derechos de las y los niños, y",-1
Y29tbWVudDoxNDExNTc5ODQwOTgyODE0XzExOTY2MTc2OTI0MzIyNjY=,Gabriela Jiménez Godoy,oficialismo,FACEBOOK,Cars Hernandez exacto,¡Lo logramos! En la Cámara de Diputados aprobamos el Plan B de la Reforma Electoral. 🗳️🇲🇽  Se terminan los tiempos de la democracia dorada; hoy legislamos para que el servicio público sea sinónimo de ,0
18187553257374375,Gabriela Jiménez Godoy,oficialismo,INSTAGRAM,Dándolo todo amiga! Imparable ♥️,"✨ Cuando una mujer emprende, transforma su comunidad ✨  Hoy tuve el honor de ser madrina de la Paletería ZUVA de mi querida amiga Sofía, en la colonia La Preciosa. 💛 Un proyecto que nace del esfuerzo,",0
1340427551307932,Saymi Adriana Pineda Velasco,oficialismo,FACEBOOK,siempre impulsando a las comunidades y fortaleciendo el desarrollo 🥰,"Iniciamos nuestra jornada en Santo Domingo Tomaltepec   ¡Excelente día! Ya nos encontramos en Santo Domingo Tomaltepec, desde donde trabajaremos el día de hoy, junto al presidente municipal, Isaías Ca",1
UzpfSTYxNTc0NzEyOTQzOTQ5OjEyMjE4OTQ5MDY3NDgyMzc2NDoxMjIxODk0OTA2NzQ4MjM3NjQ=:c:99f71e6d4dcf58fd,Felipe de Jesús Martínez Gómez,oficialismo,FACEBOOK,Lic Felipe Martínez,"Me dio gusto reunirme con Aaron G. Chávez Vargas, coordinador del Proyecto por la PAZ en Nicolás Romero, para compartir puntos de vista y seguir construyendo acuerdos por nuestro municipio.  Seguimos ",0
17917667793095798,Alejandro Piña Medina,oposicion,INSTAGRAM,Tu de que eres a ver:,"Nos han querido convencer de que la política se resume en dos bandos: si criticas, eres de “derecha”; si aplaudes, eres de “izquierda”.  Pero la realidad no funciona así. El mundo cambió y usar estas ",-1
UzpfSTEwMDA0NDQ1NjU1ODU2NToxNTU3NDQ1NDYyNDEzOTkxOjE1NTc0NDU0NjI0MTM5OTE=:c:0e986df9bfb7133e,Saymi Adriana Pineda Velasco,oficialismo,FACEBOOK,Saludos secretaria !,"Acompañamos al Gobernador, Ing. Salomón Jara Cruz, en su gira por la Costa de Oaxaca, iniciando con la supervisión de avances en el cierre y saneamiento del Sitio de Disposición Final de Residuos Sóli",0
7631624159189549845,Saymi Adriana Pineda Velasco,oficialismo,TIKTOK,Felicidades guapo. Dios te bendiga siempre. Y felicidades a su mami también . Abrazos con cariño ✨✨✨,Felicidades a mi hijito que cumple años. Le doy gracias a Dios por permitirme abrazar y decirle lo mucho que lo amo.,1
7621746412695569160,Saymi Adriana Pineda Velasco,oficialismo,TIKTOK,jajajaja nada que ver. lic era. alegre desde niña.ahora entiendo bien.,¿Y tú cómo eras en los 90's? #Iris #90s #Oaxaca ,0
7629908895616959252,Laura Ballesteros Mancilla,oposicion,TIKTOK,Muy bien...,"El descanso no es un privilegio, es un derecho. En México seguimos trabajando más y descansando menos. Por eso proponemos de 5 a 6 días de descanso personal al año, además de las 40 horas ahora con 2 ",1
Y29tbWVudDoxNDA4MjA5OTQ0NjUzMTM3XzE1OTc5OTk1NDc5NTAzMDI=,Gabriela Jiménez Godoy,oficialismo,FACEBOOK,Hola diputada buenas tardes desde sonora,"“A quien amas dale alas para volar, raíces para volver y motivos para quedarse” #ReflexionesDeVida #FrasesQueInspiran #LoEsencial #AmorQueTrasciende #felizsábado",0
7628850492307555080,Laura Ballesteros Mancilla,oposicion,TIKTOK,"y la canción como se llama, por favor","🚇 Mientras la Jefa de Gobierno está en lo suyo, millones viven otra realidad: un Metro al borde del colapso. 24 mil millones de pesos es el déficit de mantenimiento. Este año sólo ha operado sin inter",0
3902053718165975254_7696494864__c__17931953631270374,Laura Ballesteros Mancilla,oposicion,INSTAGRAM,Ambientalistas de ocasión,"Nos quieren vender el “fracking sustentable” mientras el planeta arde y las comunidades pagan el costo.  En Santa Marta, en la Primera Conferencia Internacional para la Transición más allá de los Comb",-1
UzpfSTEwMDA2MzU2NTMwNzU2MjoxNTgzNjY0MTMzNzYyNDE1OjE1ODM2NjQxMzM3NjI0MTU=:c:75a654e1df55cdd7,Alejandro Piña Medina,oposicion,FACEBOOK,Bellísimo lugar,"El Movimiento Chilango está en Saltillo, porque la alternativa también se construye desde cada rincón del país.  Hoy recorrimos sus colonias, escuchamos a su gente y acompañamos a @ponchodanao en una ",1
17872470978603863,Laura Ballesteros Mancilla,oposicion,INSTAGRAM,Y no anda nadie del Verde ecologista ahí??,"Colombia. Siempre tan linda, esta vez sede de la primera conferencia mundial para la transición energética, y más allá de ella, hacia la justicia social. Me estreno como parte del Steer Committee de P",0
3810218570521854812_45120302231__c__17945284895962316,Alejandro Piña Medina,oposicion,INSTAGRAM,👏👏👏👏👏 se tenía q decir Y SE DIJO!,"¿Les suena familiar esta historia? Cuando algo sale mal, siempre hay a quién culpar. Pero después de siete años, eso ya no explica nada. Tener poder sin autoridad ni control es gobernar sin responder.",1
18379056427085897,Pepe Monroy,?,INSTAGRAM,Con todo mi hermano te mando un fuerte abrazo 👏,🤜🤛 Como presidente de la Asociación Nacional de Partidos Políticos Locales de México me reuní con mi compañera y amiga Padilla Vocera Estatal de nuestro 💪Partido Político Local en #QuintanaRoo Roo @pa,1
UzpfSTEwMDA0NDQ1NjU1ODU2NToxNTY5NjAxNDQ0NTMxNzI2OjE1Njk2MDE0NDQ1MzE3MjY=:c:5b50a81f8dc88379,Saymi Adriana Pineda Velasco,oficialismo,FACEBOOK,Excelente Secretaria Saymi Pineda Velasco,"Si crees que ser Anfitrión en Airbnb es súper complicado, deja que un Coanfitrión te salve de hacerlo todo.",1
7634154971114275601,Laura Ballesteros Mancilla,oposicion,TIKTOK,¿Y los cuántas van a proceder?,"Las víctimas no están solas. Pusimos a disposición estas herramientas para que las víctimas, madres buscadoras y sus familias impulsen sus propias lluvias de juicios políticos contra Rosario Piedra po",-1
3900603892823836161_7696494864__c__17875236633478438,Laura Ballesteros Mancilla,oposicion,INSTAGRAM,Que poca madre Claudia!,"En Movimiento Ciudadano no venimos a defender políticos, venimos a defender a las personas. Toda nuestra solidaridad con el pueblo de Sinaloa ante la violencia y el abandono que viven desde hace años.",-1
996074212962686,Saymi Adriana Pineda Velasco,oficialismo,FACEBOOK,"Bravo, nuestra máxima fiesta está a la vuelta de la esquina, máximo evento de los oaxaqueños","Bonito día ☀️ Ya estamos listos para dar inicio a la conferencia de prensa donde daremos a conocer todos los detalles de julio, mes de la Guelaguetza 2026.   Les invito a seguir la transmisión y ser p",1
7631703140290839316,Laura Ballesteros Mancilla,oposicion,TIKTOK,"como le hace daño las malditas encuestas a mexico, no valen las encuestas pero cin eso ya hacen creer que paritido deben ganar","En la Bancada Naranja de Movimiento Ciudadano estamos orgullosas de ser reconocidas entre las y los legisladores más productivos. 🧡💪 Aquí no venimos a calentar la curul: venimos a trabajar, a presenta",-1
18099434716988748,Pepe Monroy,?,INSTAGRAM,La fuerza se encuentra en la unión de voluntades por eso desde el magisterio Te apoyamos y reconocemos tu fuerza como un gran líder.,"🤝 Una maravillosa reunión con mis hermanos Armando González @armandogonzalezescoto , compañero de PAZ Nacional, y Pablo Quiroa @pquiroa , quienes seguimos sumando voluntades, fortaleciendo la unidad y",0
7630946885918753537,Saymi Adriana Pineda Velasco,oficialismo,TIKTOK,puro negocio presidencial,"✈️ Nueva ruta, más oportunidades para el Istmo Desde el 20 de abril, ...",-1
26698682426425260,Saymi Adriana Pineda Velasco,oficialismo,FACEBOOK,Oaxaca te espera,"¡Planea tu viaje, reserva tu vuelo y vive Julio, mes de la Guelaguetza 2026!   Desde distintos destinos nacionales e internacionales, puedes llegar al Corazón Cultural de México para disfrutar de nues",1
17877485895457128,Laura Ballesteros Mancilla,oposicion,INSTAGRAM,👏👏👏👏👏👏👏👏🙌🙌🙌,"Mientras la SEP rehúye de su obligación como parte de un Estado de cuidados, Mario Delgado convirtió la crisis climática en excusa para lavarse las manos.  Cerrar escuelas y adelantar el fin del ciclo",1
18210183997332993,Laura Ballesteros Mancilla,oposicion,INSTAGRAM,"Qué bueno que invirtieron en transporte público en esas ciudades, mucha falta les hace. entre el aspiracionismo y la ignorancia de los gobernadores siempre se ha pensado que es mejor el automóvil.  Pero eso solo ha acarreado los problemas urbanos que aquejan a México.  Pero esto no es cuestión de partidos políticos, siempre se ha incentivado el uso del auto porque eso les deja más, pero no es lo m","El Mundial no sólo se juega en la cancha. También se juega en las ciudades.  Mientras Nuevo León y Jalisco aprovecharon el Mundial para invertir más de 30 mil millones de pesos en transporte público, ",-1
3901354306363468202_7696494864__c__18093523175228813,Laura Ballesteros Mancilla,oposicion,INSTAGRAM,Que guapa estás estoy de acuerdo contigo hay cosas más importantes que ver,"¿De qué sirve maquillar la ciudad si sigue colapsada?  El Mundial no se juega pintando la ciudad de morado. Se juega en las calles, en el transporte público, en la seguridad y en la calidad de vida de",0
3896368324245599684_7696494864__c__18099434488859784,Laura Ballesteros Mancilla,oposicion,INSTAGRAM,"La escuela no es guardería, bueno sería que mejoraran el sistema laboral para que los padres y madres tengan oportunidad de estar con sus hijos y solventar su vida diaria. Pero no, es denigrante la forma en como se vive y se nos obliga a buscar ""culpables"" en el sistema educativo. Cuando el principal problema es el sistema laboral y el sistema público que no ha sido diseñado para atender infancias","Mientras la SEP rehúye de su obligación como parte de un Estado de cuidados, Mario Delgado convirtió la crisis climática en excusa para lavarse las manos.  Cerrar escuelas y adelantar el fin del ciclo",-1
Y29tbWVudDoxNDExNjEwODgwOTc5NzEwXzExMTU2MzM0OTczOTQ1MjQ=,Gabriela Jiménez Godoy,oficialismo,FACEBOOK,Saludos y bendiciones Gaby Jiménez Godoy. Enhorabuena!!!,"¡En la Cámara no paramos!  Pasadas las 3:30 AM de este jueves 9 de abril, aprobamos la reforma al Art. 36 de la LOAPF. Con esto, fortalecemos la infraestructura de salud para que la SICT colabore en l",0
18120552583724984,Laura Ballesteros Mancilla,oposicion,INSTAGRAM,Casi no hay desaparecidos y desvividos en México por eso hay que preocuparnos de la gordofobia... 😂😂😂😂,#NoHayPlanetaB. 🌎  Nuestro trabajo legislativo y activismo con la comunidad siempre va a denfeder a las niñeces y juventudes; Tambien a las nuevas generaciones para que tengan un planeta donde puedan ,-1
7634958209484817159,Saymi Adriana Pineda Velasco,oficialismo,TIKTOK,¡Enhorabuena Maestra!,"Puebla ya tiene playa: Bahías de Huatulco   Firmamos un convenio con Puebla con el objetivo de intercambiar conocimiento y experiencia para una promoción turística más eficiente y competitiva, previo ",1
18150418063470897,Laura Ballesteros Mancilla,oposicion,INSTAGRAM,Y lo que pasa en Jalisco ?? La v1ol3nc1a ?? De eso prefieres no hablar verdad ?? Donde esta el gobernador de MC ??,"En Movimiento Ciudadano no venimos a defender políticos, venimos a defender a las personas. Toda nuestra solidaridad con el pueblo de Sinaloa ante la violencia y el abandono que viven desde hace años.",-1
7629050371943793415,Laura Ballesteros Mancilla,oposicion,TIKTOK,A la jefa de gobierno no le importamos los cuidados😡😡😡😡😡😡,"🚇 Mientras la Jefa de Gobierno está en lo suyo, millones viven otra realidad: un Metro al borde del colapso. 24 mil millones de pesos es el déficit de mantenimiento. Este año sólo ha operado sin inter",-1
3880233318554087785_45120302231__c__17857032327638026,Alejandro Piña Medina,oposicion,INSTAGRAM,Que el orate de Salomón Chertorivsky nos de una solución como la de quitar el Covid en 2 semanas.,"Dicen que la CDMX está lista para recibir el gran evento de fútbol, pero el Metro dice lo contrario. El gobierno de la CDMX tuvo 8 años para prepararlo. Hoy, la realidad es otra: una ciudad que presum",-1
7635060762927383313,Laura Ballesteros Mancilla,oposicion,TIKTOK,Viva Laura!,"¿Sesiones presenciales y pleno vacío?  En la Cámara de Diputados se repite siempre la misma historia los días de sesión : ausencias y curules vacías. Mientras la gente cumple, aquí siguen quedando a d",0
18058505594418793,Saymi Adriana Pineda Velasco,oficialismo,INSTAGRAM,Un gobierno de territorio 👏🏽,"La Sierra de Juárez fortalece su vocación turística 🌿  En el marco de la estrategia Trabajo que Transforma tu Municipio, impulsada por el Gobernador del Estado, Ing. Salomón Jara Cruz, recorrimos San ",1
UzpfSTEwMDA0NDQ1NjU1ODU2NToxNTkyNTIyOTA1NTcyOTEzOjE1OTI1MjI5MDU1NzI5MTM=:c:c4829baa64668e19,Saymi Adriana Pineda Velasco,oficialismo,FACEBOOK,Muy bien maestra saymi,"Reconocemos la gran labor de las madres de familia en San Pedro Pochutla  Fue un gusto compartir esta mañana con las madres de familia de la Escuela Primaria Urbana Estatal José María Morelos, en San ",1
7626846304128779024,Felipe de Jesús Martínez Gómez,oficialismo,TIKTOK,Me preguntó;por qué la Presidenta Municipal siempre que está en sesión de cabildo está con su celular contestando no se que cosa y no está atenta al cabildo ?,todos tenemos derecho al agua #nicolasromeroedodemex #felipeycontenis #agua #edomex🇲🇽 ,-1
3886114263324778241_7696494864__c__17980118036840767,Laura Ballesteros Mancilla,oposicion,INSTAGRAM,JAJAJAJA me río pero de los nervios y porque qp Mexico surreal 😢,"¿En qué momento moverte en tu ciudad se volvió una experiencia de miedo?  Lo que vivimos en el Metro no es normal ni aceptable. Trasbordes caóticos, espacios inseguros y abandono.  La movilidad es un ",-1
UzpfSTEwMDA0NDQ1NjU1ODU2NToxNTk1MjI3NzE1MzAyNDMyOjE1OTUyMjc3MTUzMDI0MzI=:c:e1f343e3feed4e01,Saymi Adriana Pineda Velasco,oficialismo,FACEBOOK,Excelente trabajo que realizan por impulsar el desarrollo de las y los Oaxaqueños,"#Oaxaca continúa creciendo con unidad y visión de futuro.  En un encuentro encabezado por el Gobernador del Estado, Ing. Salomón Jara Cruz, dialogamos con el sector empresarial para fortalecer las con",1
2047780601030135996,Laura Ballesteros Mancilla,oposicion,TWITTER,@LBallesterosM @MovCiudadanoMX https://t.co/luIkyHfsk5,"Diputadas y diputados, pónganse a trabajar. Mientras el PRIAN y Morena pelean sobre quién lo hizo peor en feminicidios con sus gobiernos, la gente exige justicia. El feminicidio de Edith Guadalupe nos",0
17994221891957124,Laura Ballesteros Mancilla,oposicion,INSTAGRAM,Vino a hacer el  ridiculo,"Mientras Morena intenta tapar su crisis de seguridad y narcotráfico con cortinas de humo, el PRIAN les hace el favor trayendo a personajes como Ayuso.  La visión colonialista, antiderechos y profundam",-1
UzpfSTEwMDA0NDQ1NjU1ODU2NToxNTY5Njg2MTQ3ODU2NTg5OjE1Njk2ODYxNDc4NTY1ODk=:c:74f451a820af9a21,Saymi Adriana Pineda Velasco,oficialismo,FACEBOOK,La casa del buen mezcal!,Mengolí de Morelos celebra la grandeza de la tradición mezcalera ¡Nuestra tradición mezcalera es única en el mundo! Y hoy se refleja en la celebración del Día de la Maestra y el Maestro Mezcalero en l,1
3892639779669796457_7696494864__c__17873466081485176,Laura Ballesteros Mancilla,oposicion,INSTAGRAM,Este pinche gobierno de mrda,"🚨Amparos frente a la cancelación de la SEP del ciclo escolar en junio.  No pueden con el Mundial.  Si el Gobierno Federal decide seguir adelante con este atropello a los derechos de las y los niños, y",-1
7631641425537368853,Laura Ballesteros Mancilla,oposicion,TIKTOK,no será circo y teatro,35 mil familias esperando justicia y el Congreso llega tarde. Hoy iniciamos sesión con más de 150 ausencias con una hora de retraso justo cuando debe votarse la reforma constitucional para hacer reali,-1
17883574326467327,Saymi Adriana Pineda Velasco,oficialismo,INSTAGRAM,Gobierno de grandes resultados…,"La Sierra de Juárez fortalece su vocación turística 🌿  En el marco de la estrategia Trabajo que Transforma tu Municipio, impulsada por el Gobernador del Estado, Ing. Salomón Jara Cruz, recorrimos San ",1
UzpfSTEwMDA2MzQ4MTEzMDQzMDoxNjMzNTE5NDAyMTA3NDE1OjE2MzM1MTk0MDIxMDc0MTU=:c:c13870ca505807d9,Laura Ballesteros Mancilla,oposicion,FACEBOOK,"qué gusto leerle licenciado,muchas gracias.","México sí cree en México.  Creemos en su gente, en las nuevas generaciones y en un país que puede volver a soñar en grande.",1
1582368396588364:c:ef82095d786ffd97,Saymi Adriana Pineda Velasco,oficialismo,FACEBOOK,La promoción permanente de nuestro estado de Oaxaca es fundamental Mtra. Saymi Pineda Velasco.,"Iniciamos participación en el máximo encuentro turístico del país  Iniciamos nuestra participación en la edición 50 del Tianguis Turístico de México desde Acapulco, Guerrero, un espacio clave para for",1
UzpfSTEwMDA4MzA3MTI4NTMyMTo5NjEyMzEwNzk5ODkyNTk6OTYxMjMxMDc5OTg5MjU5:c:c615fe46cb95f61b,Pepe Monroy,?,FACEBOOK,Felicidades señor ! Enhorabuena!!!,"El día de ayer acudí a la Plenaria de Partidos Políticos Locales, acompañado de dirigentes de más de 25 estados de la República, en un espacio de diálogo y construcción en favor de la democracia de nu",1
Y29tbWVudDoxNDEzNjA1MjQ3NDQ2OTQwXzE3NTUwODU0Njg4MDI4NDE=,Gabriela Jiménez Godoy,oficialismo,FACEBOOK,Saludos amiga Gaby un fuerte abrazo desde nacajuca Tabasco,"✨ Cuando la comunidad se une, los espacios renacen ✨  Hoy vivimos algo muy poderoso en el Parque Teatilco, en Azcapotzalco: un tequio que no solo fue trabajo colectivo, fue amor por nuestra comunidad ",0
18012273584700023,Laura Ballesteros Mancilla,oposicion,INSTAGRAM,Vieja pendeja,"Mientras Morena intenta tapar su crisis de seguridad y narcotráfico con cortinas de humo, el PRIAN les hace el favor trayendo a personajes como Ayuso.  La visión colonialista, antiderechos y profundam",-1
7631698304809894663,Laura Ballesteros Mancilla,oposicion,TIKTOK,"seguro no es de morena ,tiene toda la razon",35 mil familias esperando justicia y el Congreso llega tarde. Hoy iniciamos sesión con más de 150 ausencias con una hora de retraso justo cuando debe votarse la reforma constitucional para hacer reali,1
964962982585844,Saymi Adriana Pineda Velasco,oficialismo,FACEBOOK,La Sierra Sur tiene un gran potencial y da gusto ver esfuerzos para seguir impulsando su vocación turística y el bienestar de sus comunidades 👏🏽👏🏽,"Sierra Sur: diálogo y trabajo para impulsar su vocación turística  Muy contenta de compartir este día productivo en la Sierra Sur, en San Pedro Coatlán, junto a amigas y amigos con quienes dialogamos ",1
3890015220608096967_7696494864__c__18096081710171641,Laura Ballesteros Mancilla,oposicion,INSTAGRAM,Ella cuida al narco y ojala y hagan algo contra esta basura de gobierno de la mierda de judía que ni mexicana es,"La popularidad no puede ser escudo para la impunidad.  Decir que alguien no debe rendir cuentas “porque es querido” o es familiar de alguna víctima, es exactamente el problema. En democracia, la ley e",-1
